{
  "per_entity": {
    "CITY": {
      "precision": 1.0,
      "recall": 1.0,
      "f1": 1.0
    },
    "CREDIT_CARD": {
      "precision": 0.0,
      "recall": 0.0,
      "f1": 0.0
    },
    "DATE": {
      "precision": 1.0,
      "recall": 1.0,
      "f1": 1.0
    },
    "EMAIL": {
      "precision": 0.2926829268292683,
      "recall": 0.3,
      "f1": 0.2962962962962963
    },
    "PERSON_NAME": {
      "precision": 0.28368794326241137,
      "recall": 1.0,
      "f1": 0.44198895027624313
    },
    "PHONE": {
      "precision": 0.2605042016806723,
      "recall": 0.775,
      "f1": 0.389937106918239
    }
  },
  "macro_f1": 0.521370392248463,
  "pii": {
    "precision": 0.4632768361581921,
    "recall": 0.82,
    "f1": 0.592057761732852
  },
  "non_pii": {
    "precision": 0.5333333333333333,
    "recall": 1.0,
    "f1": 0.6956521739130436
  }
}